[
{
  "model": "products.product",
  "pk": 1,
  "fields": {
    "brand": "Nike",
    "product_model": "Air Max 95 Ultra",
    "type": "Trainers",
    "colour": "Black",
    "size": "10",
    "price": "155.00",
    "discount_price": null,
    "label": "N",
    "categorys": 1,
    "owner": 1,
    "description": null,
    "image_1": "https://i8.amplience.net/i/jpl/jd_456073_a?qlt=92&w=750&h=531&v=1&fmt=auto",
    "image_2": "https://i8.amplience.net/i/jpl/jd_456073_b?qlt=92&w=750&h=531&v=1&fmt=auto",
    "image_3": "https://i8.amplience.net/i/jpl/jd_456073_d?qlt=92&w=750&h=531&v=1&fmt=auto"
  }
},
{
  "model": "products.product",
  "pk": 2,
  "fields": {
    "brand": "Nike",
    "product_model": "Air Max Pre-Day Womens",
    "type": "Trainers",
    "colour": "White",
    "size": "5",
    "price": "115.00",
    "discount_price": null,
    "label": "N",
    "categorys": 2,
    "owner": 1,
    "description": null,
    "image_1": "https://i8.amplience.net/i/jpl/jd_480006_a?qlt=92&w=750&h=531&v=1&fmt=auto",
    "image_2": "https://i8.amplience.net/i/jpl/jd_480006_b?qlt=92&w=750&h=531&v=1&fmt=auto",
    "image_3": "https://i8.amplience.net/i/jpl/jd_480006_d?qlt=92&w=750&h=531&v=1&fmt=auto"
  }
},
{
  "model": "products.product",
  "pk": 9,
  "fields": {
    "brand": "The North Face",
    "product_model": "Aconcagua Synthetic",
    "type": "Jacket",
    "colour": "Black",
    "size": "L",
    "price": "165.00",
    "discount_price": null,
    "label": "BS",
    "categorys": 1,
    "owner": 1,
    "description": "",
    "image_1": "https://i8.amplience.net/i/jpl/jd_449614_b?qlt=92&w=750&h=957&v=1&fmt=auto",
    "image_2": "https://i8.amplience.net/i/jpl/jd_449614_c?qlt=92&w=750&h=957&v=1&fmt=auto",
    "image_3": "https://i8.amplience.net/i/jpl/jd_449614_d?qlt=92&w=750&h=957&v=1&fmt=auto"
  }
},
{
  "model": "products.product",
  "pk": 10,
  "fields": {
    "brand": "Nike",
    "product_model": "Legacy Therma-Fit",
    "type": "Jacket",
    "colour": "Black",
    "size": "L",
    "price": "95.00",
    "discount_price": null,
    "label": "BS",
    "categorys": 1,
    "owner": 1,
    "description": "",
    "image_1": "https://i8.amplience.net/i/jpl/jd_456584_b?qlt=92&w=750&h=957&v=1&fmt=auto",
    "image_2": "https://i8.amplience.net/i/jpl/jd_456584_c?qlt=92&w=750&h=957&v=1&fmt=auto",
    "image_3": "https://i8.amplience.net/i/jpl/jd_456584_d?qlt=92&w=750&h=957&v=1&fmt=auto"
  }
},
{
  "model": "products.product",
  "pk": 11,
  "fields": {
    "brand": "Adidas Originals",
    "product_model": "Trefoil Essential",
    "type": "Sweatshirt",
    "colour": "Dark Grey",
    "size": "L",
    "price": "43.00",
    "discount_price": null,
    "label": "N",
    "categorys": 1,
    "owner": 1,
    "description": "",
    "image_1": "https://i8.amplience.net/i/jpl/jd_499707_a?qlt=92&w=750&h=957&v=1&fmt=auto",
    "image_2": "https://i8.amplience.net/i/jpl/jd_499707_b?qlt=92&w=750&h=957&v=1&fmt=auto",
    "image_3": "https://i8.amplience.net/i/jpl/jd_499707_c?qlt=92&w=750&h=957&v=1&fmt=auto"
  }
},
{
  "model": "products.product",
  "pk": 12,
  "fields": {
    "brand": "The North Face",
    "product_model": "Fine Box",
    "type": "Joggers",
    "colour": "Grey",
    "size": "L",
    "price": "65.00",
    "discount_price": null,
    "label": "N",
    "categorys": 1,
    "owner": 1,
    "description": "",
    "image_1": "https://i8.amplience.net/i/jpl/jd_497631_b?qlt=92&w=750&h=957&v=1&fmt=auto",
    "image_2": "https://i8.amplience.net/i/jpl/jd_497631_c?qlt=92&w=750&h=957&v=1&fmt=auto",
    "image_3": "https://i8.amplience.net/i/jpl/jd_497631_d?qlt=92&w=750&h=957&v=1&fmt=auto"
  }
},
{
  "model": "products.product",
  "pk": 13,
  "fields": {
    "brand": "Puma",
    "product_model": "Fleece Full Zip",
    "type": "Tracksuit",
    "colour": "Navy Blue",
    "size": "M",
    "price": "70.00",
    "discount_price": null,
    "label": "N",
    "categorys": 1,
    "owner": 1,
    "description": "",
    "image_1": "https://i8.amplience.net/i/jpl/jd_464000_a?qlt=92&w=750&h=957&v=1&fmt=auto",
    "image_2": "https://i8.amplience.net/i/jpl/jd_464000_b?qlt=92&w=750&h=957&v=1&fmt=auto",
    "image_3": "https://i8.amplience.net/i/jpl/jd_464000_e?qlt=92&w=750&h=957&v=1&fmt=auto"
  }
},
{
  "model": "products.product",
  "pk": 14,
  "fields": {
    "brand": "Adidas",
    "product_model": "Badge of Sport 3-Stripes",
    "type": "T-Shirt",
    "colour": "Black",
    "size": "S",
    "price": "18.00",
    "discount_price": null,
    "label": "S",
    "categorys": 1,
    "owner": 1,
    "description": "",
    "image_1": "https://i8.amplience.net/i/jpl/jd_471727_a?qlt=92&w=750&h=957&v=1&fmt=auto",
    "image_2": "https://i8.amplience.net/i/jpl/jd_471727_b?qlt=92&w=750&h=957&v=1&fmt=auto",
    "image_3": "https://i8.amplience.net/i/jpl/jd_471727_c?qlt=92&w=750&h=957&v=1&fmt=auto"
  }
},
{
  "model": "products.product",
  "pk": 15,
  "fields": {
    "brand": "The North Face",
    "product_model": "Large Split Gradient",
    "type": "T-Shirt",
    "colour": "Black",
    "size": "L",
    "price": "25.00",
    "discount_price": null,
    "label": "BS",
    "categorys": 1,
    "owner": 1,
    "description": "",
    "image_1": "https://i8.amplience.net/i/jpl/jd_449617_a?qlt=92&w=750&h=957&v=1&fmt=auto",
    "image_2": "https://i8.amplience.net/i/jpl/jd_449617_b?qlt=92&w=750&h=957&v=1&fmt=auto",
    "image_3": "https://i8.amplience.net/i/jpl/jd_449617_c?qlt=92&w=750&h=957&v=1&fmt=auto"
  }
},
{
  "model": "products.product",
  "pk": 16,
  "fields": {
    "brand": "Nike",
    "product_model": "Club Sportswear",
    "type": "Hoodie",
    "colour": "Black",
    "size": "L",
    "price": "55.00",
    "discount_price": null,
    "label": "BS",
    "categorys": 1,
    "owner": 1,
    "description": "",
    "image_1": "https://i8.amplience.net/i/jpl/jd_507363_a?qlt=92&w=750&h=957&v=1&fmt=auto",
    "image_2": "https://i8.amplience.net/i/jpl/jd_507363_c?qlt=92&w=750&h=957&v=1&fmt=auto",
    "image_3": "https://i8.amplience.net/i/jpl/jd_507363_d?qlt=92&w=750&h=957&v=1&fmt=auto"
  }
},
{
  "model": "products.product",
  "pk": 17,
  "fields": {
    "brand": "Adidas Originals",
    "product_model": "Trefoil Essential",
    "type": "Hoodie",
    "colour": "Dark Grey",
    "size": "M",
    "price": "50.00",
    "discount_price": null,
    "label": "N",
    "categorys": 1,
    "owner": 1,
    "description": "",
    "image_1": "https://i8.amplience.net/i/jpl/jd_499706_b?qlt=92&w=750&h=957&v=1&fmt=auto",
    "image_2": "https://i8.amplience.net/i/jpl/jd_499706_c?qlt=92&w=750&h=957&v=1&fmt=auto",
    "image_3": "https://i8.amplience.net/i/jpl/jd_499706_e?qlt=92&w=750&h=957&v=1&fmt=auto"
  }
},
{
  "model": "products.product",
  "pk": 18,
  "fields": {
    "brand": "Nike",
    "product_model": "Academy Essential",
    "type": "Tracksuit",
    "colour": "Navy Blue",
    "size": "S",
    "price": "65.00",
    "discount_price": null,
    "label": "BS",
    "categorys": 1,
    "owner": 1,
    "description": "",
    "image_1": "https://i8.amplience.net/i/jpl/jd_392447_a?qlt=92&w=750&h=957&v=1&fmt=auto",
    "image_2": "https://i8.amplience.net/i/jpl/jd_392447_b?qlt=92&w=750&h=957&v=1&fmt=auto",
    "image_3": "https://i8.amplience.net/i/jpl/jd_392447_e?qlt=92&w=750&h=957&v=1&fmt=auto"
  }
},
{
  "model": "products.product",
  "pk": 19,
  "fields": {
    "brand": "Emporio Armani",
    "product_model": "EA7 B&W Laces",
    "type": "Trainers",
    "colour": "Dark Grey",
    "size": "10",
    "price": "175.00",
    "discount_price": null,
    "label": "N",
    "categorys": 1,
    "owner": 1,
    "description": "",
    "image_1": "https://i8.amplience.net/i/jpl/jd_451063_a?qlt=92&w=750&h=531&v=1&fmt=auto",
    "image_2": "https://i8.amplience.net/i/jpl/jd_451063_b?qlt=92&w=750&h=531&v=1&fmt=auto",
    "image_3": "https://i8.amplience.net/i/jpl/jd_451063_d?qlt=92&w=750&h=531&v=1&fmt=auto"
  }
},
{
  "model": "products.product",
  "pk": 20,
  "fields": {
    "brand": "Emporio Armani",
    "product_model": "EA7 Train Padded",
    "type": "Jacket",
    "colour": "Black",
    "size": "WM",
    "price": "195.00",
    "discount_price": null,
    "label": "BS",
    "categorys": 2,
    "owner": 1,
    "description": "",
    "image_1": "https://i8.amplience.net/i/jpl/jd_452009_a?qlt=92&w=750&h=957&v=1&fmt=auto",
    "image_2": "https://i8.amplience.net/i/jpl/jd_452009_b?qlt=92&w=750&h=957&v=1&fmt=auto",
    "image_3": "https://i8.amplience.net/i/jpl/jd_452009_d?qlt=92&w=750&h=957&v=1&fmt=auto"
  }
},
{
  "model": "products.product",
  "pk": 21,
  "fields": {
    "brand": "Nike",
    "product_model": "Running Pacer Overhead",
    "type": "Hoodie",
    "colour": "Black",
    "size": "WS",
    "price": "45.00",
    "discount_price": null,
    "label": "BS",
    "categorys": 2,
    "owner": 1,
    "description": "",
    "image_1": "https://i8.amplience.net/i/jpl/jd_472669_a?qlt=92&w=750&h=957&v=1&fmt=auto",
    "image_2": "https://i8.amplience.net/i/jpl/jd_472669_b?qlt=92&w=750&h=957&v=1&fmt=auto",
    "image_3": "https://i8.amplience.net/i/jpl/jd_472669_c?qlt=92&w=750&h=957&v=1&fmt=auto"
  }
},
{
  "model": "products.product",
  "pk": 22,
  "fields": {
    "brand": "Nike",
    "product_model": "Double Futura Boyfriend",
    "type": "T-Shirt",
    "colour": "White",
    "size": "WS",
    "price": "27.00",
    "discount_price": null,
    "label": "BS",
    "categorys": 2,
    "owner": 1,
    "description": "",
    "image_1": "https://i8.amplience.net/i/jpl/jd_472906_a?qlt=92&w=750&h=957&v=1&fmt=auto",
    "image_2": "https://i8.amplience.net/i/jpl/jd_472906_b?qlt=92&w=750&h=957&v=1&fmt=auto",
    "image_3": "https://i8.amplience.net/i/jpl/jd_472906_d?qlt=92&w=750&h=957&v=1&fmt=auto"
  }
},
{
  "model": "products.product",
  "pk": 23,
  "fields": {
    "brand": "The North Face",
    "product_model": "Logo Fleece Crew",
    "type": "Sweatshirt",
    "colour": "Dark Pink",
    "size": "WM",
    "price": "60.00",
    "discount_price": null,
    "label": "BS",
    "categorys": 2,
    "owner": 1,
    "description": "",
    "image_1": "https://i8.amplience.net/i/jpl/jd_462994_a?qlt=92&w=750&h=957&v=1&fmt=auto",
    "image_2": "https://i8.amplience.net/i/jpl/jd_462994_b?qlt=92&w=750&h=957&v=1&fmt=auto",
    "image_3": "https://i8.amplience.net/i/jpl/jd_462994_d?qlt=92&w=750&h=957&v=1&fmt=auto"
  }
},
{
  "model": "products.product",
  "pk": 24,
  "fields": {
    "brand": "Nike",
    "product_model": "Double Futura Overhead",
    "type": "Hoodie",
    "colour": "Black",
    "size": "WS",
    "price": "50.00",
    "discount_price": null,
    "label": "N",
    "categorys": 2,
    "owner": 1,
    "description": "",
    "image_1": "https://i8.amplience.net/i/jpl/jd_472787_a?qlt=92&w=750&h=957&v=1&fmt=auto",
    "image_2": "https://i8.amplience.net/i/jpl/jd_472787_e?qlt=92&w=750&h=957&v=1&fmt=auto",
    "image_3": "https://i8.amplience.net/i/jpl/jd_472787_c?qlt=92&w=750&h=957&v=1&fmt=auto"
  }
},
{
  "model": "products.product",
  "pk": 25,
  "fields": {
    "brand": "Emporio Armani",
    "product_model": "EA7 Stud",
    "type": "Tracksuit",
    "colour": "Navy Blue",
    "size": "WL",
    "price": "140.00",
    "discount_price": null,
    "label": "BS",
    "categorys": 2,
    "owner": 1,
    "description": "",
    "image_1": "https://i8.amplience.net/i/jpl/jd_452202_a?qlt=92&w=750&h=957&v=1&fmt=auto",
    "image_2": "https://i8.amplience.net/i/jpl/jd_452202_b?qlt=92&w=750&h=957&v=1&fmt=auto",
    "image_3": "https://i8.amplience.net/i/jpl/jd_452202_f?qlt=92&w=750&h=957&v=1&fmt=auto"
  }
},
{
  "model": "products.product",
  "pk": 26,
  "fields": {
    "brand": "The North Face",
    "product_model": "Cargo",
    "type": "Joggers",
    "colour": "Black",
    "size": "WS",
    "price": "65.00",
    "discount_price": null,
    "label": "N",
    "categorys": 2,
    "owner": 1,
    "description": "",
    "image_1": "https://i8.amplience.net/i/jpl/jd_449881_b?qlt=92&w=750&h=957&v=1&fmt=auto",
    "image_2": "https://i8.amplience.net/i/jpl/jd_449881_c?qlt=92&w=750&h=957&v=1&fmt=auto",
    "image_3": "https://i8.amplience.net/i/jpl/jd_449881_e?qlt=92&w=750&h=957&v=1&fmt=auto"
  }
},
{
  "model": "products.product",
  "pk": 27,
  "fields": {
    "brand": "Nike",
    "product_model": "Downshifter 11 Women's",
    "type": "Trainers",
    "colour": "Black",
    "size": "4",
    "price": "55.00",
    "discount_price": "30.00",
    "label": "S",
    "categorys": 2,
    "owner": 1,
    "description": "",
    "image_1": "https://i8.amplience.net/i/jpl/jd_415471_a?qlt=92&w=750&h=531&v=1&fmt=auto",
    "image_2": "https://i8.amplience.net/i/jpl/jd_415471_b?qlt=92&w=750&h=531&v=1&fmt=auto",
    "image_3": "https://i8.amplience.net/i/jpl/jd_415471_d?qlt=92&w=750&h=531&v=1&fmt=auto"
  }
},
{
  "model": "products.product",
  "pk": 28,
  "fields": {
    "brand": "Nike",
    "product_model": "Dunk Low SE Women's",
    "type": "Trainers",
    "colour": "Black",
    "size": "5",
    "price": "95.00",
    "discount_price": "80.00",
    "label": "S",
    "categorys": 2,
    "owner": 1,
    "description": "",
    "image_1": "https://i8.amplience.net/i/jpl/jd_473827_a?qlt=92&w=750&h=531&v=1&fmt=auto",
    "image_2": "https://i8.amplience.net/i/jpl/jd_473827_b?qlt=92&w=750&h=531&v=1&fmt=auto",
    "image_3": "https://i8.amplience.net/i/jpl/jd_473827_d?qlt=92&w=750&h=531&v=1&fmt=auto"
  }
},
{
  "model": "products.product",
  "pk": 29,
  "fields": {
    "brand": "The North Face",
    "product_model": "Surgent Crew",
    "type": "Tracksuit",
    "colour": "Black",
    "size": "M",
    "price": "55.00",
    "discount_price": null,
    "label": "BS",
    "categorys": 3,
    "owner": 1,
    "description": "",
    "image_1": "https://i8.amplience.net/i/jpl/jd_451269_a?qlt=92&w=750&h=957&v=1&fmt=auto",
    "image_2": "https://i8.amplience.net/i/jpl/jd_451269_b?qlt=92&w=750&h=957&v=1&fmt=auto",
    "image_3": "https://i8.amplience.net/i/jpl/jd_451269_d?qlt=92&w=750&h=957&v=1&fmt=auto"
  }
},
{
  "model": "products.product",
  "pk": 30,
  "fields": {
    "brand": "Under Armour",
    "product_model": "Renegade Full Zip",
    "type": "Tracksuit",
    "colour": "Dark Grey",
    "size": "M",
    "price": "40.00",
    "discount_price": null,
    "label": "BS",
    "categorys": 3,
    "owner": 1,
    "description": "",
    "image_1": "https://i8.amplience.net/i/jpl/jd_451527_a?qlt=92&w=750&h=957&v=1&fmt=auto",
    "image_2": "https://i8.amplience.net/i/jpl/jd_451527_c?qlt=92&w=750&h=957&v=1&fmt=auto",
    "image_3": "https://i8.amplience.net/i/jpl/jd_451527_e?qlt=92&w=750&h=957&v=1&fmt=auto"
  }
},
{
  "model": "products.product",
  "pk": 31,
  "fields": {
    "brand": "BOSS",
    "product_model": "Large Logo Long Sleeve",
    "type": "T-Shirt",
    "colour": "Black",
    "size": "M",
    "price": "45.00",
    "discount_price": null,
    "label": "N",
    "categorys": 3,
    "owner": 1,
    "description": "",
    "image_1": "https://i8.amplience.net/i/jpl/jd_461264_a?qlt=92&w=750&h=957&v=1&fmt=auto",
    "image_2": "https://i8.amplience.net/i/jpl/jd_461264_b?qlt=92&w=750&h=957&v=1&fmt=auto",
    "image_3": "https://i8.amplience.net/i/jpl/jd_461264_e?qlt=92&w=750&h=957&v=1&fmt=auto"
  }
},
{
  "model": "products.product",
  "pk": 32,
  "fields": {
    "brand": "The North Face",
    "product_model": "Box Logo",
    "type": "T-Shirt",
    "colour": "Black",
    "size": "L",
    "price": "20.00",
    "discount_price": null,
    "label": "BS",
    "categorys": 3,
    "owner": 1,
    "description": "",
    "image_1": "https://i8.amplience.net/i/jpl/jd_451685_c?qlt=92&w=750&h=957&v=1&fmt=auto",
    "image_2": "https://i8.amplience.net/i/jpl/jd_451685_b?qlt=92&w=750&h=957&v=1&fmt=auto",
    "image_3": "https://i8.amplience.net/i/jpl/jd_451685_e?qlt=92&w=750&h=957&v=1&fmt=auto"
  }
},
{
  "model": "products.product",
  "pk": 33,
  "fields": {
    "brand": "BOSS",
    "product_model": "Woven Overlay",
    "type": "Tracksuit",
    "colour": "Black",
    "size": "L",
    "price": "150.00",
    "discount_price": null,
    "label": "BS",
    "categorys": 3,
    "owner": 1,
    "description": "",
    "image_1": "https://i8.amplience.net/i/jpl/jd_461263_a?qlt=92&w=750&h=957&v=1&fmt=auto",
    "image_2": "https://i8.amplience.net/i/jpl/jd_461263_c?qlt=92&w=750&h=957&v=1&fmt=auto",
    "image_3": "https://i8.amplience.net/i/jpl/jd_461263_e?qlt=92&w=750&h=957&v=1&fmt=auto"
  }
},
{
  "model": "products.product",
  "pk": 34,
  "fields": {
    "brand": "Tommy Hilfiger",
    "product_model": "Girl's Essential Down",
    "type": "Jacket",
    "colour": "Pink",
    "size": "S",
    "price": "120.00",
    "discount_price": null,
    "label": "BS",
    "categorys": 3,
    "owner": 1,
    "description": "",
    "image_1": "https://i8.amplience.net/i/jpl/jd_467496_a?qlt=92&w=750&h=957&v=1&fmt=auto",
    "image_2": "https://i8.amplience.net/i/jpl/jd_467496_b?qlt=92&w=750&h=957&v=1&fmt=auto",
    "image_3": "https://i8.amplience.net/i/jpl/jd_467496_d?qlt=92&w=750&h=957&v=1&fmt=auto"
  }
},
{
  "model": "products.product",
  "pk": 35,
  "fields": {
    "brand": "Under Armour",
    "product_model": "Camo Tech",
    "type": "T-Shirt",
    "colour": "Black",
    "size": "M",
    "price": "18.00",
    "discount_price": "15.00",
    "label": "S",
    "categorys": 3,
    "owner": 1,
    "description": "",
    "image_1": "https://i8.amplience.net/i/jpl/jd_451553_a?qlt=92&w=750&h=957&v=1&fmt=auto",
    "image_2": "https://i8.amplience.net/i/jpl/jd_451553_b?qlt=92&w=750&h=957&v=1&fmt=auto",
    "image_3": "https://i8.amplience.net/i/jpl/jd_451553_e?qlt=92&w=750&h=957&v=1&fmt=auto"
  }
},
{
  "model": "products.product",
  "pk": 36,
  "fields": {
    "brand": "Nike",
    "product_model": "Girls' Swoosh Crew/Leggings",
    "type": "Tracksuit",
    "colour": "Grey",
    "size": "M",
    "price": "38.00",
    "discount_price": "30.00",
    "label": "S",
    "categorys": 3,
    "owner": 1,
    "description": "",
    "image_1": "https://i8.amplience.net/i/jpl/jd_451286_a?qlt=92&w=750&h=957&v=1&fmt=auto",
    "image_2": "https://i8.amplience.net/i/jpl/jd_451286_b?qlt=92&w=750&h=957&v=1&fmt=auto",
    "image_3": "https://i8.amplience.net/i/jpl/jd_451286_d?qlt=92&w=750&h=957&v=1&fmt=auto"
  }
},
{
  "model": "products.product",
  "pk": 37,
  "fields": {
    "brand": "Adidas Originals",
    "product_model": "ZX Flux",
    "type": "Trainers",
    "colour": "Black",
    "size": "4",
    "price": "43.00",
    "discount_price": null,
    "label": "BS",
    "categorys": 3,
    "owner": 1,
    "description": "",
    "image_1": "https://i8.amplience.net/i/jpl/jd_105060_a?qlt=92&w=750&h=531&v=1&fmt=auto",
    "image_2": "https://i8.amplience.net/i/jpl/jd_105060_b?qlt=92&w=750&h=531&v=1&fmt=auto",
    "image_3": "https://i8.amplience.net/i/jpl/jd_105060_d?qlt=92&w=750&h=531&v=1&fmt=auto"
  }
},
{
  "model": "products.product",
  "pk": 38,
  "fields": {
    "brand": "Adidas Originals",
    "product_model": "Forum Low",
    "type": "Trainers",
    "colour": "White",
    "size": "4",
    "price": "45.00",
    "discount_price": null,
    "label": "BS",
    "categorys": 3,
    "owner": 1,
    "description": "",
    "image_1": "https://i8.amplience.net/i/jpl/jd_442744_a?qlt=92&w=750&h=531&v=1&fmt=auto",
    "image_2": "https://i8.amplience.net/i/jpl/jd_442744_b?qlt=92&w=750&h=531&v=1&fmt=auto",
    "image_3": "https://i8.amplience.net/i/jpl/jd_442744_d?qlt=92&w=750&h=531&v=1&fmt=auto"
  }
},
{
  "model": "products.product",
  "pk": 44,
  "fields": {
    "brand": "Nike",
    "product_model": "Air Max",
    "type": "Trainers",
    "colour": "Black",
    "size": "10",
    "price": "155.00",
    "discount_price": null,
    "label": "N",
    "categorys": 1,
    "owner": 1,
    "description": "",
    "image_1": "https://static.nike.com/a/images/c_limit,w_592,f_auto/t_product_v1/duxuyy0r8xqremamd7ts/air-max-90-ltr-older-shoe-BpFdfH.png",
    "image_2": "https://media.very.co.uk/i/very/PTHCU_SQ1_0000000019_BLACK_WHITE_SLf?$300x400_retinamobilex2$",
    "image_3": "https://encrypted-tbn0.gstatic.com/images?q=tbn:ANd9GcQVnnhXw_R5UW5JFlYT_6j6eeShtz45BXpiDYXFIEO03FxK2bWeD9drHeTJpxSLrSdIFc8&usqp=CAU"
  }
},
{
  "model": "products.orderitem",
  "pk": 5,
  "fields": {
    "user": 1,
    "ordered": true,
    "product": 1,
    "quantity": 1
  }
},
{
  "model": "products.orderitem",
  "pk": 19,
  "fields": {
    "user": 1,
    "ordered": false,
    "product": 1,
    "quantity": 2
  }
},
{
  "model": "products.orderitem",
  "pk": 20,
  "fields": {
    "user": 1,
    "ordered": false,
    "product": 2,
    "quantity": 1
  }
},
{
  "model": "products.orderitem",
  "pk": 23,
  "fields": {
    "user": 1,
    "ordered": false,
    "product": 19,
    "quantity": 1
  }
},
{
  "model": "products.orderitem",
  "pk": 27,
  "fields": {
    "user": 4,
    "ordered": false,
    "product": 19,
    "quantity": 1
  }
},
{
  "model": "products.orderitem",
  "pk": 28,
  "fields": {
    "user": 4,
    "ordered": false,
    "product": 1,
    "quantity": 1
  }
},
{
  "model": "products.orderitem",
  "pk": 29,
  "fields": {
    "user": 4,
    "ordered": false,
    "product": 20,
    "quantity": 1
  }
},
{
  "model": "products.order",
  "pk": 13,
  "fields": {
    "user": 1,
    "start_date": "2021-12-15",
    "ordered_date": "2021-12-15",
    "ordered": false,
    "items": [
      23,
      19
    ]
  }
},
{
  "model": "products.order",
  "pk": 14,
  "fields": {
    "user": 4,
    "start_date": "2022-01-12",
    "ordered_date": "2022-01-12",
    "ordered": false,
    "items": [
      28,
      29
    ]
  }
}
]
